/*DECLARE @sql NVARCHAR(MAX) = N'';
SELECT @sql += N'
ALTER TABLE ' + QUOTENAME(OBJECT_SCHEMA_NAME(parent_object_id))
    + '.' + QUOTENAME(OBJECT_NAME(parent_object_id)) + 
    ' DROP CONSTRAINT ' + QUOTENAME(name) + ';'
FROM sys.foreign_keys;
EXEC sp_executesql @sql;EXEC sp_msforeachtable @Command1 = "DROP TABLE ?"


CREATE TABLE employees (
employeeid NUMERIC(9) NOT NULL,
firstname VARCHAR(10),
lastname VARCHAR(20),
deptcode CHAR(5),
salary NUMERIC(9, 2),
  PRIMARY KEY(employeeid)
);


CREATE TABLE departments (
  code CHAR(5) NOT NULL,
  name VARCHAR(30),
  managerid NUMERIC(9),
  subdeptof CHAR(5),
  PRIMARY KEY(code),
  FOREIGN KEY(managerid) REFERENCES employees(employeeid),
  FOREIGN KEY(subdeptof) REFERENCES departments(code)
);

ALTER TABLE employees ADD FOREIGN KEY (deptcode) REFERENCES departments(code);

CREATE TABLE projects (
  projectid CHAR(8) NOT NULL,
  deptcode CHAR(5),
  description VARCHAR(200),
  startdate DATE DEFAULT GETDATE(),
  enddate DATE,
  revenue NUMERIC(12, 2),
  PRIMARY KEY(projectid),
  FOREIGN KEY(deptcode) REFERENCES departments(code)
);

CREATE TABLE workson (
  employeeid NUMERIC(9) NOT NULL,
  projectid CHAR(8) NOT NULL,
  assignedtime DECIMAL(3,2),
  PRIMARY KEY(employeeid, projectid),
  FOREIGN KEY(employeeid) REFERENCES employees(employeeid),
  FOREIGN KEY(projectid) REFERENCES projects(projectid)
);

INSERT INTO departments VALUES ('ADMIN', 'Administration', NULL, NULL);
INSERT INTO departments VALUES ('ACCNT', 'Accounting', NULL, 'ADMIN');
INSERT INTO departments VALUES ('CNSLT', 'Consulting', NULL, 'ADMIN');
INSERT INTO departments VALUES ('HDWRE', 'Hardware', NULL, 'CNSLT');

INSERT INTO employees VALUES (1, 'Al', 'Betheleader', 'ADMIN', 70000);
INSERT INTO employees VALUES (2, 'PI', 'Rsquared', 'ACCNT', 40000);
INSERT INTO employees VALUES (3, 'Harry', 'Hardware', 'HDWRE', 50000);
INSERT INTO employees VALUES (4, 'Sussie', 'Software', 'CNSLT', 60000);
INSERT INTO employees VALUES (5, 'Abe', 'Advice', 'CNSLT', 30000);
INSERT INTO employees VALUES (6, 'Hardly', 'Aware', NULL, 65000);

UPDATE departments SET managerid = 1 WHERE code = 'ADMIN';
UPDATE departments SET managerid = 2 WHERE code = 'ACCNT';
UPDATE departments SET managerid = 3 WHERE code = 'HDWRE';
UPDATE departments SET managerid = 4 WHERE code = 'CNSLT';

INSERT INTO projects VALUES ('EMPHAPPY', 'ADMIN', 'Employee Moral', '14-MAR-2002', '30-NOV-2003', 0);
INSERT INTO projects VALUES ('ROBOSPSE', 'CNSLT', 'Robotic Spouse', '14-MAR-2002', NULL, 200000);
INSERT INTO projects VALUES ('ADT4MFIA', 'ACCNT', 'Mofia Audit', '03-JUL-2003', '30-NOV-2004', 100000);
INSERT INTO PROJECTS VALUES ('DNLDCLNT', 'CNSLT', 'Download Client', '03-FEB-2005', NULL, 15000);

INSERT INTO workson VALUES (2, 'ADT4MFIA', 0.60);
INSERT INTO workson VALUES (3, 'ROBOSPSE', 0.75);
INSERT INTO workson VALUES (4, 'ROBOSPSE', 0.75);
INSERT INTO workson VALUES (5, 'ROBOSPSE', 0.50);
INSERT INTO workson VALUES (5, 'ADT4MFIA', 0.60);
INSERT INTO workson VALUES (3, 'DNLDCLNT', 0.25);

*/

--EXERCISE 2
--1
--SELECT AVG(SALARY) FROM employees;
--2
--SELECT AVG(SALARY),DEPTCODE FROM EMPLOYEES GROUP BY DEPTCODE;
--3
--SELECT MIN(REVENUE) AS 'MINIMUM',MAX(REVENUE) AS 'MAXIMUM' FROM PROJECTS WHERE ENDDATE IS NOT NULL;
--4
--SELECT COUNT(PROJECTID),EMPLOYEEID FROM WORKSON GROUP BY EMPLOYEEID;
--5
--SELECT MAX(LASTNAME) FROM EMPLOYEES;
--6
--SELECT STDEV(SALARY) FROM EMPLOYEES;
--7
--SELECT COUNT(DEPTCODE) FROM EMPLOYEES;
--8
--SELECT COUNT(EMPLOYEEID),DEPTCODE FROM EMPLOYEES WHERE DEPTCODE IS NOT NULL GROUP BY DEPTCODE
--9
--SELECT AVG(REVENUE),DEPTCODE,COUNT(PROJECTID) FROM PROJECTS GROUP BY DEPTCODE;
--10
--SELECT EMPLOYEEID FROM WORKSON  GROUP BY EMPLOYEEID HAVING SUM(ASSIGNEDTIME)>=1.00
--11
--SELECT SUM(SALARY*1.1),DEPTCODE FROM EMPLOYEES  WHERE LASTNAME NOT LIKE '%RE' GROUP BY DEPTCODE

--Exercise 3
--1
--SELECT DISTINCT(E.FIRSTNAME+' '+E.LASTNAME) AS NAME FROM EMPLOYEES E, DEPARTMENTS D WHERE E.DEPTCODE=D.CODE AND D.NAME='CONSULTING'
--SELECT (E.FIRSTNAME+' '+E.LASTNAME) AS NAME FROM EMPLOYEES E JOIN DEPARTMENTS D ON E.DEPTCODE=D.CODE WHERE D.NAME='CONSULTING'
--2
--SELECT (E.FIRSTNAME+' '+E.LASTNAME) AS NAME FROM EMPLOYEES E JOIN DEPARTMENTS D ON E.DEPTCODE=D.CODE 
 --JOIN WORKSON P ON E.EMPLOYEEID=P.EMPLOYEEID WHERE P.PROJECTID='ADT4MFIA' AND D.NAME='CONSULTING' AND P.ASSIGNEDTIME>0.2
--3
--SELECT SUM(W.ASSIGNEDTIME)*100 FROM WORKSON W JOIN EMPLOYEES E ON E.EMPLOYEEID=W.EMPLOYEEID WHERE E.FIRSTNAME='ABE' AND E.LASTNAME='ADVICE'
--GROUP BY W.EMPLOYEEID
--4
--SELECT DISTINCT(P.DESCRIPTION) FROM PROJECTS P JOIN WORKSON W ON W.PROJECTID=P.PROJECTID WHERE W.ASSIGNEDTIME>0.7
--5
--SELECT E.EMPLOYEEID,COUNT(P.PROJECTID),SUM(W.ASSIGNEDTIME) FROM EMPLOYEES E JOIN WORKSON W
--ON W.EMPLOYEEID=E.EMPLOYEEID JOIN PROJECTS P ON P.PROJECTID=W.PROJECTID GROUP BY E.EMPLOYEEID;
--6
--SELECT P.DESCRIPTION,COUNT(E.EMPLOYEEID) FROM PROJECTS P JOIN WORKSON W ON W.PROJECTID=P.PROJECTID
-- JOIN EMPLOYEES E ON E.EMPLOYEEID=W.EMPLOYEEID GROUP BY P.DESCRIPTION
--7
--SELECT P.PROJECTID,MAX(W.ASSIGNEDTIME) FROM PROJECTS P JOIN WORKSON W ON W.PROJECTID=P.PROJECTID GROUP BY P.PROJECTID;
--8
--SELECT E1.LASTNAME,E2.EMPLOYEEID FROM EMPLOYEES E1 JOIN EMPLOYEES E2 ON E1.SALARY>E2.SALARY; 

--EXERCISE 4
--1
--SELECT DISTINCT(STARTDATE) AS 'DATE' FROM PROJECTS 
--UNION 
--SELECT DISTINCT(ENDDATE) AS 'DATE' FROM PROJECTS
--EXCEPT SELECT ENDDATE FROM PROJECTS WHERE ENDDATE IS NULL
--3
--SELECT FIRSTNAME, LASTNAME FROM EMPLOYEES INNER JOIN WORKSON
--ON EMPLOYEES.EMPLOYEEID=WORKSON.EMPLOYEEID INNER JOINprojects ps ON ps.projectid = workson.projectid
--AND ps.description ='Robotic Spouse' INTERSECT
--SELECT FIRSTNAME,LASTNAME FROM EMPLOYEES WHERE DEPTCODE='HDWRE';--4
--SELECT FIRSTNAME, LASTNAME FROM EMPLOYEES INNER JOIN WORKSON 
--ON EMPLOYEES.EMPLOYEEID=WORKSON.EMPLOYEEID INNER JOIN projects ps ON ps.projectid = workson.projectid AND
--ps.description ='Robotic Spouse' EXCEPT SELECT FIRSTNAME,LASTNAME FROM EMPLOYEES WHERE DEPTCODE='HDWRE';
--5
/*SELECT E.FIRSTNAME,E.LASTNAME FROM EMPLOYEES E JOIN WORKSON W ON W.EMPLOYEEID=E.EMPLOYEEID JOIN PROJECTS P
 ON P.PROJECTID=W.PROJECTID WHERE P.DESCRIPTION='DOWNLOAD CLIENT'
EXCEPT
SELECT E.FIRSTNAME,E.LASTNAME FROM EMPLOYEES E JOIN WORKSON W ON W.EMPLOYEEID=E.EMPLOYEEID JOIN PROJECTS P
 ON P.PROJECTID=W.PROJECTID WHERE P.DESCRIPTION='Robotic Spouse'
 */
 --6
 /*SELECT E.FIRSTNAME,E.LASTNAME FROM EMPLOYEES E JOIN WORKSON W ON W.EMPLOYEEID=E.EMPLOYEEID JOIN PROJECTS P
 ON P.PROJECTID=W.PROJECTID WHERE P.DESCRIPTION='DOWNLOAD CLIENT'
INTERSECT
SELECT E.FIRSTNAME,E.LASTNAME FROM EMPLOYEES E JOIN WORKSON W ON W.EMPLOYEEID=E.EMPLOYEEID JOIN PROJECTS P
 ON P.PROJECTID=W.PROJECTID WHERE P.DESCRIPTION='Robotic Spouse'
*/
--7
/*
SELECT E.FIRSTNAME,E.LASTNAME FROM EMPLOYEES E JOIN WORKSON W ON W.EMPLOYEEID=E.EMPLOYEEID JOIN PROJECTS P
 ON P.PROJECTID=W.PROJECTID WHERE P.DESCRIPTION='DOWNLOAD CLIENT'
UNION
SELECT E.FIRSTNAME,E.LASTNAME FROM EMPLOYEES E JOIN WORKSON W ON W.EMPLOYEEID=E.EMPLOYEEID JOIN PROJECTS P
 ON P.PROJECTID=W.PROJECTID WHERE P.DESCRIPTION='Robotic Spouse'
 */
 --8
 /*
 SELECT E.FIRSTNAME,E.LASTNAME FROM EMPLOYEES E JOIN WORKSON W ON W.EMPLOYEEID=E.EMPLOYEEID JOIN PROJECTS P
 ON P.PROJECTID=W.PROJECTID WHERE P.DESCRIPTION='DOWNLOAD CLIENT'
UNION
SELECT E.FIRSTNAME,E.LASTNAME FROM EMPLOYEES E JOIN WORKSON W ON W.EMPLOYEEID=E.EMPLOYEEID JOIN PROJECTS P
 ON P.PROJECTID=W.PROJECTID WHERE P.DESCRIPTION='Robotic Spouse'
 EXCEPT
 SELECT E.FIRSTNAME,E.LASTNAME FROM EMPLOYEES E JOIN WORKSON W ON W.EMPLOYEEID=E.EMPLOYEEID JOIN PROJECTS P
 ON P.PROJECTID=W.PROJECTID WHERE P.DESCRIPTION='DOWNLOAD CLIENT'
INTERSECT
SELECT E.FIRSTNAME,E.LASTNAME FROM EMPLOYEES E JOIN WORKSON W ON W.EMPLOYEEID=E.EMPLOYEEID JOIN PROJECTS P
 ON P.PROJECTID=W.PROJECTID WHERE P.DESCRIPTION='Robotic Spouse'
*/
--9
/*
SELECT NAME FROM DEPARTMENTS EXCEPT
SELECT D.NAME FROM DEPARTMENTS D JOIN PROJECTS P ON P.DEPTCODE=D.CODE 
*/

